file_name,component_count,total_instances
LPO-PDP-Tests,1,0
Sales banner redesign,1,0
Shapes,1,0
QPE - Evaluation based on text attributes,1,0
ZA Browse and Search,1,0
TEST - Swap font family,1,0
Brand refresh - Product Stage 1,1,0
File not visible,1,0
Sports | Jersey customisation,1,0
Sales Refresh 2025,1,0
Promise Contextualisaiton - ZIP code precision,1,0
In-App Message (IAM),1,0
Zalando Assistant elevated experience,1,0
Content Cards,1,0
ARCHIVE Zalando Assistant elevated experience,1,0
Mix&Match - Explorations - Foundational experience + upselling,1,0
SDD Exploration,1,0
8_VFR (Virtual Fitting Room),1,0
10_Bracketing design,1,0
SDD review updates - Gerrit / Patrycja,1,0
Exploration: Dark mode,1,0
Light_Branding_Freelancer_2025-04,1,0
Storytelling M0 - Early Explorations,1,0
Mix&Match - Main File - Foundational experience + upselling,1,0
11_Return reduction,1,0
üé® Home Feed ('25) Launch -> Cyber,1,0
QPE - Discovery (Forward motion),1,0
Loyalty Program V2 - Fast Follow Markets,1,0
6_PDP,1,0
[Archive] üé® Home Feed ('25),1,0
9_Fit First,1,0
Lifecycle Explorations,1,0
Adaptive M2 - PDP,1,0
QPE/LPO Recommendations bridge,1,0
Omnibus - Reviews Blackjack,1,0
Bin - PISA - Product Information for Self-Assessment,1,0
Type cleanup,1,0
Project Omnibus - Reviews (Archive),1,0
Beauty personalisation - Baseline File,1,0
Sharing in Wardrobe - Solution Design,1,0
ASO Concept Exploration 2025,1,0
Co-badged Cards Scheme - Design Playground,1,0
Header redesign,1,0
TDE Adjacency - Baseline File,1,0
Checkout success page,1,0
Personal Shopping Benefit x Plus,1,0
2_Your sizes,1,0
test,1,0
QPE - Evaluation based on media,1,0
Rating & Reviews - Baseline File,1,0
Designer Theme Explorations (Copy),1,0
Order Cutoffs,1,0
Brand Profile (Social Profile),1,0
Proof-of-Concepts [ZMS project vision - Leandro],1,0
Video Stream MLP - Specs,1,0
TDE - Baseline File,1,0
CLM initiative,1,0
"Tabs, navigations",1,0
Plus Missions for Propositions - Baseline File,1,0
Partner Day '25 - Storyboard (Copy),1,0
Partner Day '25 - Storyboard,1,0
ZDS Next explorations,1,0
Boards CX¬†/ Creation,1,0
TDE - Motion explorations and specs,1,0
Focus Outline (ZDS Components),1,0
TDE - Specs,1,0
Beauty Colour Picker,1,0
CONFIG Explorations,1,0
Omnibus Directive | Explorations,1,0
Storytelling - Storyblocks Brainstorming,1,0
Digital Sports Dialogs,1,0
Cyber Week CX 2025,1,0
ZFA Design Playground,1,0
Improving Priority Access: Phase 1 Proposition Awareness,1,0
Exploration / Fast and For Me,1,0
TDE - Playground 1,1,0
LPO-Catalog-Tests,1,0
Sustainability Mission [ Loyalty ],1,0
ZDS - Moments exploration (Copy),1,0
Design - PISA - Product Information for Self-Assessment,1,0
Specs - Size Advice with Body Measurement,1,0
TDE - Specs (Copy),1,0
Perfect Pairing,1,0
Rebrand Personal Shopping,1,0
12_Diffusion Model,1,0
[MASTER FILE] Purchase Web,1,0
Archive - Trend Spotter,1,0
TDE - Playground 3,1,0
Colours,1,0
[Archived on 17.05.2023] Plus Rebranding Design Explorations,1,0
Tooling Vision,1,0
iOS 26 implications,1,0
Creative check-in identity documentation,1,0
SCM1 legal response,1,0
Trinity CX,1,0
Marketing Services | Min-Yu | Home Feed Ads parity,1,0
‚å®Ô∏è Accessibility: Full Keyboard Access (for Apps),1,0
Pricing annotation,1,0
ZDS starter file: tiles,1,0
Dark mode for PDP tiles,1,0
SC M1 ‚Äì Design Reviewüíö,1,0
üöÄ [FEATURE] Vertical & Horizontla Product card,1,0
CCD 2.0 Consumer Credit Directive - Design Space,1,0
Propositions Steering from Checkout Success Page (M1 & M2),1,0
FitGAN,1,0
Core Journey CX,1,0
Guideline refinement: inner padding,1,0
PDP | Incentive banner specs,1,0
"PDP | Delivery, USP & Partner info Specs",1,0
Typography_Brand Refresh_Sprint_Sept2024,1,0
Plus Rebranding Design Explorations,1,0
Sephora Partner Integration - Baseline File,1,0
Content Design X Brand Refresh,1,0
GC Xmas,1,0
PDP | Product image gallery specs,1,0
PDP | Size picker specs,1,0
Rituals / Weekly Design Reviews (2025),1,0
Plus Loyalty Assets - Updates,1,0
QPE 2025 CX vision archive,1,0
Product Card l Cart Web,1,0
Archive,1,0
Grid experimentation,1,0
[A11y] Product Card Annotations,1,0
Premises - Loyalty V1,1,0
ESPIxZalando,1,0
Reviews - Project Omnibus,1,0
Sephora Configuration & Content - Baseline File,1,0
Recommended size filter,1,0
AI Content Generation,1,0
Product Content 2.X,1,0
Zalando Live - M1,1,0
Durability Experience,1,0
Search - investigation,1,0
TDE Wayfinding - Baseline File,1,0
üõùüêò [PLAYGROUND] Elephant Feed - MLP (Video),1,0
Wanderlust - Customer Journeys,1,0
üöÄ Add new variant of radio button - checkout,1,0
"Payments for Order Bundling ‚Äî Design Playground, 07.2023",1,0
Team Sprint_Brand Refresh_Nov2024,1,0
Returns Transformation,1,0
ZA Entry Points,1,0
Beauty PDP ‚Äì Glanceable Highlights,1,0
Specs - Size Advice with Body Measurement (Copy),1,0
[WIP] Keylines,1,0
Topic Exploration (Copy),1,0
üöÄ Add payment logos,1,0
Trend Spotter: Trend Led Experience,1,0
üöÄ[FEATURE] Add Shoppable product card Documentation,1,0
"Creator Ecosystem - Explorations, Reviews",1,0
Back in Stock - Early Access - Plus,1,0
Grebban Presentation and Final delivery,1,0
Profile / Solution Design,1,0
Archive - VFR exploration,1,0
What's next,1,0
AI Boards,1,0
Sephora - Specs,1,0
Plus Booster,1,0
üöÄ[FEATURE] Add CPC Tile,1,0
üöÄ[FEATURE] Add nudge payment,1,0
üöÄ[FEATURE] Update PDP pricing,1,0
Beauty Profile - M1,1,0
TDE - Explorations & Benchmarks,1,0
[Zalon Archive] User Side - Personal Shopping Benefit x Plus,1,0
üöÄ[FEATURE] Catalogue | Update Product card  (Omnibus),1,0
üöÄ[FEATURE] Popular collection carousel,1,0
Zalando Livestream Platform (Product Iterations),1,0
SC M1 ‚Äì Execution üë∑‚Äç‚ôÇÔ∏è,1,0
Project Knight,1,0
frog_Zalando_Design_System_tiles,1,0
üöÄ[FEATURE] Update product price,1,0
App Fluidity,1,0
Exploration / 1st tab on app (Copy),1,0
App Takeover,1,0
PDP customer journey optimisation for conversion,1,0
[MASTER FILE] Orders & Returns,1,0
Beauty PDP ‚Äì Discovery + M1,1,0
Project Omnibus - Pricing,1,0
ZDS library: tiles,1,0
üõùü™© Discovery Feed - Design Playground,1,0
Boards CX / Specs,1,0
[Pizza Box] Tracking Improvement,1,0
Semantic colour,1,0
Accessibility Path based gestures,1,0
ZDS NEXT guidelines,1,0
Testzzzzz draft,1,0
[MASTER FILE] Gift Cards,1,0
"PayPal Mandates ‚Äî Design Playground, 11.2025",1,0
2nd tab: F&LD,1,0
[Copy] PDP - Baseline File (2023),1,0
PDP - Baseline File / Master file,1,0
Product card documentation,1,0
[ARCHIVE] Rituals / Weekly Design Reviews (2024),1,0
Labelless Returns,1,0
Working File_Advertising,1,0
Returns,1,0
Project HEBE + Pillar 1 contribution,1,0
Zalando Assistant Standalone Experience,1,0
Directory Fashion lifestyle  - Design exploration Koli,1,0
CPC: Solution Design,1,0
Grid,1,0
Creator Sponsored Experience - Concepts,1,0
Style It / OB (2026),1,0
Style It / OB (2026) (Copy),1,0
Payments: Components ‚Äî Design Components,1,0
[BR shareable] Semantic Colour,1,0
Marketing Services | Dynamic Catalog showstopper,1,0
üöß WIP - Tailored Designer Experience - Specs (Copy),1,0
Plus Home,1,0
ZMS Ad formats library [live],1,0
Brand refresh Zalando app & web Stage0+ (fka min-ex),1,0
Illustration Explorations,1,0
CW15 - Flows iteration,1,0
Working File_Advertising (Copy),1,0
Marketing Services | Homepage | Takeover,1,0
S&F,1,0
Creator Profile (Social Profile),1,0
Plus x Cyber Week 2024,1,0
CX / Talent Profile,1,0
Transforming the Checkout Platform (TCP),1,0
Partner Day 2025 - Feed protos,1,0
Top bar (Collapsible header),1,0
Apple Pay at Checkout - Design Playground,1,0
[CLM] Notification Center (Copy),1,0
Outfit Building Experience (StyleIt),1,0
YiR (working file),1,0
24_SummerOfSport_Explorations Playground,1,0
Sharing in Wardrobe - Specs,1,0
[CLM] Notification Center,1,0
Designer - Shoppable Images,1,0
Cyber Week CX 2024,1,0
üïµÔ∏è Discovery Feed - CX Vision > Pilot Check-in - Feb 24,1,0
üì± Feed User Research |¬†CW50 |¬†Proto,1,0
Reco SDD Beauty Profile,1,0
[Snapshot Copy 10.11.2025] Live Stream  - ZLP Audience View (Product Iterations),1,0
Bulgaria dual pricing,1,0
Causes on PDP - visibility,1,0
Purchase web flow designed with ZDS,1,0
Curated Gift Shopping at Scale,1,0
Team Sprint_Brand Refresh_Nov2024 (Copy),1,0
FDBE Prototypes 2021,1,0
üçÄ Sustainability Light Branding,1,0
Trend Spotter,1,0
Complete the look,1,0
Gift card B2C // Design Development,1,0
Local - Customer Proposition (Phase 2),1,0
Sephora - Explorations,1,0
Sell items,1,0
Zalando Assistant - China collaboration,1,0
Accessibility M2 - Size & Fit Design,1,0
"Accessibility ‚Äî Payments Design, [10.2022]",1,0
Prototypes - Partner Day,1,0
GrowWithMe - Rebuy,1,0
QPE - Product highlights panel - Baseline File,1,0
Plus Expressive Toolkit,1,0
Sustainability claims,1,0
Pre-owned Themed Home,1,0
EcoScore+ Explorations,1,0
Content Transformation Track 2 - UC: Brand Activation,1,0
Wardrobe (post-weave),1,0
A11y Presentation 2025,1,0
Zalando Live M0,1,0
Top Navigation - Baseline File,1,0
[ Archive ] Remarkable Release 2022,1,0
Partner Days 25 - Propositions,1,0
Pre-Owned exploratory research,1,0
Cyber Week CX 2023,1,0
Pre-owned x Designer [Figma],1,0
Dynamic Text Exploration,1,0
Beauty in Wardrobe - Baseline File,1,0
Storytelling M2 - Main stage,1,0
Working file_Recommender Systems,1,0
PISA - Brand Refresh & Comparison,1,0
P&F - Personalized Pricing (WIP),1,0
TDE Content - Playground,1,0
Zalando Tablet: Deliverable from Edenspiekermann 2021 (Z Copy),1,0
Sharing in Wardrobe - Solution Explorations - Archive,1,0
Exploration,1,0
Pre-owned explorations,1,0
Exploration / 2nd tab on app,1,0
Marketing Service | Inspiring Board Feed,1,0
Offer Selection,1,0
Archive 2,1,0
Layout (Indentation),1,0
üé® Home Feed ('25) Post-Cyber explorations,1,0
EcoScore Visualizations (Paul),1,0
Delivery information below Add to Bag,1,0
Outfits Program - Entry Point: Creator Space to GTL,1,0
Jeans CX Vision,1,0
Page controls,1,0
Future Stock,1,0
SCM1 Onboarding 2.0,1,0
[MASTER FILE] Purchase Apps,1,0
PDP & BR: Action sheets,1,0
Plus Brand Refresh,1,0
PDP Contribution Model,1,0
Adaptive M1.2 | Solution Design,1,0
TDE Discoverability - Baseline File,1,0
S12Y Northstar Visual Explorations ‚ú®,1,0
Specs - Popular Collections Carousel,1,0
CX Vision,1,0
Designer - Promo,1,0
Zalando Live (Copy),1,0
Sustainability Loyalty Mission,1,0
Beauty VTO - Baseline File,1,0
Sharing in Wardrobe - User Testing - CW49,1,0
TDE - Playground 2,1,0
Size advice concept matrix and entry/exit journeys (was Concepts from Workshop),1,0
Contingency plan,1,0
Mix&Match - Research Prototypes,1,0
Generic Card,1,0
"ARCHIVES ‚Äî Payments for Order Bundling ‚Äî Design Playground, 07.2023",1,0
Legibility aid,1,0
Backup,1,0
Design Jam 24,1,0
Mix&Match - Internal tool,1,0
Schema Presentation,1,0
ü§ù Design ü§ù Engineering handoffs ü§ù,1,0
Pizza Box - CONCEPT,1,0
Trend Rewind '25 + Forecast '26,1,0
Targeted Coupons M2,1,0
The Statement - Theming,1,0
EPCX Accessibility - Baseline File,1,0
I/E - Aug 2025 - Pitch,1,0
[ REMARKABLE RELEASE ] Mapping Inspiration Initiatives,1,0
Collection Experience - Design Playground,1,0
Croatia dual pricing,1,0
Feed ‚Äì Baseline CX,1,0
Sell items (Copy),1,0
Leading with the right answer - Results Communication,1,0
ZDS - Moments exploration,1,0
Wardrobe - Specs,1,0
DPS product card gallery,1,0
Premises - Loyalty V1 - Responsive Web Designs,1,0
Levels,1,0
Cyber Week CX 2022,1,0
Reco‚Äôs in the catalog,1,0
Sephora Loyalty Integration,1,0
Sports profile,1,0
[Zalon Archive] User Side - Style Advice_Working,1,0
Beauty - Dangerous Goods - Baseline File,1,0
Theming Onboarding | Visuals,1,0
Untitled,1,0
Plus Pre-sale Web,1,0
VFR UI,1,0
Accessibility project - PDP,1,0
Scrim Gradient,1,0
Message ecosystem mapping,1,0
Next releases,1,0
Remarkable Release 2022,1,0
__Presentation,1,0
Explorations ‚Äì Unified Documentation,1,0
wanderlust,1,0
Art Direction / Playground [ 2024 ],1,0
2025 Sports CX Vision,1,0
Omnibus PL - Pricing changes,1,0
"(SCA) Strong Customer Authentication ‚Äî Design Playground, 05.2024",1,0
EcoScore pivot directions,1,0
Knight M2 - Drive Engagement,1,0
2023 Jan - Design Playground - VFRxZMS - Pilot 3,1,0
Offer Selection - Milestone 1,1,0
01 ‚Äì Zalando app sitemap iOS (f.k.a Fashion Store),1,0
Pre-owned Baseline,1,0
Future Stock (Copy),1,0
Sprint 1 - Holistic S12Y CX: Ideation + Prototype,1,0
"Archived Exploration: Light, Dark, Mono mode",1,0
DSA Main Design File,1,0
EA Partner Campaigns,1,0
Zalando Cyber 2025,1,0
Sprint 1 - Holistic S12Y CX: Ideation + Prototype (Copy),1,0
Product Cards Dark Mode & Dynamic Font,1,0
SAwBM Messaging Study,1,0
Refresh_GC_D2C assets,1,0
Execution M1,1,0
Specs - Recommended sizes filter,1,0
Fluidity prototypes,1,0
Wanderlust - Customer Journeys Sketch,1,0
WP 3 Entry Point Showstopper,1,0
Product Recommendations in Cart,1,0
Gift Cards CR Improvements - PDP Renderer,1,0
Presentation Prototype,1,0
Sparring sessions,1,0
Iconography,1,0
Joystick ‚Ä¢ Qual prototype,1,0
Sports Assistant,1,0
BIZUM,1,0
TDE - Design Reviews,1,0
Exploration: Android Navigation Bar,1,0
Brand exploration,1,0
Body Scanning Process Flows,1,0
Marketing Services | Homepage | Awareness Teaser,1,0
[Experiment] Generic card payment icon - Design Playground,1,0
Marketing Service | Homepage | Collection Teaser,1,0
Shoppable Video - Baseline File,1,0
CX / Maturity,1,0
2022 May - VFR x ZMS journeys for iniative doc,1,0
üöÄ[BETA] ZDS library + tokens,1,0
Launch scope 2021,1,0
Eye shadow finder - Baseline File,1,0
Purchase Accessibility Updates,1,0
[Working file] CXP AI Workshop,1,0
Adaptive M1.2 | Explorations,1,0
Catalogue Showstopper [StatusQuo 2024Q2],1,0
Summer of Sports Experience,1,0
Immediate Reimbursement,1,0
Early Access M2: Solution Design,1,0
Merchandise Playbook,1,0
Accessibility: Mobile PDP Gallery,1,0
QPE - Design Check-In,1,0
Materials in Cart and Checkout,1,0
Recycle x Zalando,1,0
"Buy Now Pay Later 2.0 ‚Äî Nudge Experience ‚Äî Design Playground, 04.2024",1,0
[ARCHIVE] Sell flow design tickets,1,0
Header Migration,1,0
Exploration: Badges,1,0
Design Playground - Wardrobe + Zircle (2020-21),1,0
User Testing: In-App Message (IAM),1,0
Wardrobe + Zircle,1,0
[Accessibility] PDP Experiment Specs,1,0
Use Cases - Loyalty V1,1,0
Reviews - Visibilities of Reviews - Web,1,0
4_Reference item,1,0
Holy Trinity,1,0
Cyber Week 2021 Experience,1,0
Designer - 2028 Vision & Strategy,1,0
Market Steering CX design,1,0
Cyber Week CX 2022 (Copy),1,0
Customer Carrier Choice,1,0
3_Body measurements,1,0
GPSR,1,0
LUX Library 3.19.1,1,0
Test Themes - Design club 31 aug,1,0
Carousels,1,0
Beauty replenishment - Archived files,1,0
Adaptive Fashion Specs,1,0
BM Product Marketing CX,1,0
Joystick ‚Ä¢ S12Y Branding,1,0
Discovery - PISA - Product Information for Self-Assessment,1,0
PRSB Sitemap,1,0
The Remarkable Inspiration Kick-off Workshop,1,0
Instalment Reviews,1,0
I/E Outfit module flow,1,0
Onboarding update,1,0
PL Top Model 25_Spatial & Set_Explorations,1,0
Early Access M2: Handover,1,0
Lululemon Overview,1,0
Specs - VFR x ZMS Campaign 01 + 02,1,0
Mid-funnel Inspiration and advice,1,0
Identity creative development,1,0
üí°[EXPERIMENTAL] - Components review,1,0
ZDS email: UI kit (Design System),1,0
üöÄ  Update Plus assets & Use cases,1,0
Modular PDP - Prototyping,1,0
Mini-Cart (Web only),1,0
Landscape Mode (apps) Exploration,1,0
Product Circularity Comms,1,0
ZMS Figma/Jam WoW toolkit,1,0
Wanderlust Story Mapping,1,0
CLM New Onboarding Project,1,0
v3 & v4 Catalog Showstopper (not tested),1,0
Livestream EU Copy,1,0
Follow creators,1,0
[MASTER FILE] Hyped Sales M0 and M1,1,0
Cyber 24 - Templates,1,0
"iDEAL 2.0 ‚Äî Design Playground, 07.2024",1,0
ASO Exploration 2024,1,0
SC M1 ‚Äì Post 2. Design Sprint exploration,1,0
PUP Uplift 2025,1,0
Gorgeous - Baseline File,1,0
Test migration,1,0
CPC Workshop Concept Space,1,0
[Experiment] ZMS,1,0
PDP Structure [Exploration],1,0
[Experiment] Card style payment method options - Design Playground,1,0
Training,1,0
Profile nudging and content hierarchy,1,0
F&FM Sweden Grebban Assets,1,0
2025_Q1_App Statement,1,0
Reviews - Legal text,1,0
Designer - Made in,1,0
MDS - Storyboard,1,0
Offer Selection - New default,1,0
Propositions Sitemap,1,0
Plus x Cyber Week 2023,1,0
Digital Gift Delivery 'Pick-A-Size' (Copy),1,0
Followership Wanderlust,1,0
[M2] Modular Checkout - Plus Upsell,1,0
Plus Pre-Sale App Specs,1,0
Content Transformation Track 2 - Explorations,1,0
Exploration - feature onboading,1,0
Gift Card Normalisation,1,0
Boards | Building Community Brief V2,1,0
Icon Documentation Improvement,1,0
Framework for UGC,1,0
Bring live campaigns before registration,1,0
Gift Cards Redemption,1,0
Contributing icons from boards (MAYA),1,0
ZDS starter file: styles/components,1,0
Beauty Items - Explorations - Archive,1,0
Design color token swatches,1,0
Boards icons (Maya),1,0
Content Design Toolkit,1,0
ZALANDO X SEPHORA UI components specs,1,0
"WP 13 Profiles, Outfits & AFC",1,0
Lounge Cross-platform Comms,1,0
[Zalon Archive] User Side - Style Advice_Archived,1,0
Size guide,1,0
2022 May - VFR x ZMS Explorations,1,0
CX / Check-Ins,1,0
üöÄ[FEATURE] Dark mode documentation,1,0
CXP Sitemap,1,0
Marketing Services | Landing page Tiles library,1,0
Prominent Delivery Promise on PDP Experiment,1,0
Beauty Color picker - White swatch usecase,1,0
Team Explorations,1,0
Attribute Insights (HVAR - High Value Attribute Reporting),1,0
0-Order Customer,1,0
Size Guide A/B Test,1,0
Omnibus-Checkout Process,1,0
üß™ Themes Playground - public,1,0
Experience Vision - training,1,0
[EU] Streaming Experience,1,0
Zalando Assistant - Brand Refresh,1,0
Co-branding_Brand Refresh_Sprint_Sept2024,1,0
TDE x Statement,1,0
StyleIt V2,1,0
Adhoc - sales / loyalty / giftcards,1,0
ZMS | Landing Page Tiles Library - Brand refreshed,1,0
Boards | Building Community Brief,1,0
App Tracking Transparency (ATT) - Solution Design,1,0
Beauty - Information Architecture,1,0
TDE - Usability Test,1,0
Avatar Personalisation,1,0
Gen AI content Vision,1,0
App cart banner on top,1,0
PRSB Accessibility M2 - Work packages - Scaling To All Propositions,1,0
Plus Proposition Branding -¬†early applications,1,0
Hyped Sales -Archived Files,1,0
Gift with purchase - Baseline File,1,0
"Exploration: TLN, Embedded Navigation, Tabs, Sticky",1,0
Cart & Checkout,1,0
Size Profile - PDP Onboarding,1,0
case studies,1,0
Wanderlust - Initiatives Mapping,1,0
Exploration: Slideshow,1,0
[deprecated] Pillar 1 Lobby,1,0
Diversifying Campaign Discovery: Showstopper,1,0
Payments Transactional Emails,1,0
Lokalise - Wardrobe + Zircle (Reference),1,0
Dynamic page M1,1,0
"Exploration: Component States (hover, focus)",1,0
Size Advice - Identity,1,0
Icon/pictogram Explorations,1,0
Activity based browsing,1,0
Beauty gorgeous,1,0
a/b test - Copy and Paste feature in CSP,1,0
Prototype testing,1,0
AFC Refresh,1,0
Rapid prototyping exercise,1,0
Showstopper,1,0
Luxembourg Growth Opportunity,1,0
Plus + Statement M2,1,0
[ ARCHIVED ] [ UI & UX ]  ‚Äî  Working File / Phase 01,1,0
Adaptive M1.2 Launch Story,1,0
Convenience proposition,1,0
Reco Carousel in Empty Cart,1,0
[Archived] Pillar 1 - Web - Reviews,1,0
Cart explorations - Totals Sections,1,0
CX / Toolbox,1,0
Account Recovery,1,0
Return period reduction,1,0
ZAL_Gift delivery+returns,1,0
[NOT UPDATED/NOT UP-TO-DATE] Catalog audit Rule book = Catalog + Showstoppers,1,0
Target Areas,1,0
Saige,1,0
CX / Playground,1,0
[M4] Modular Checkout - New customers,1,0
Digital Gift Card Accessibility Specs,1,0
Annotations update,1,0
üí°[EXPERIMENTAL] Layout variables,1,0
WoW factor! Product Highlights,1,0
Beauty Profile - Check in,1,0
Plus free delivery,1,0
Capital markets day demo,1,0
üóÇÔ∏è UPDATE DOCUMENTATION [#1],1,0
Payments & Checkout + ZDS,1,0
Brand Diversity,1,0
S12Y Accordion,1,0
TDE - PRSB Explorations,1,0
Entry points for Body Measurement,1,0
Beauty Replenishment - Relaunch 2023,1,0
"Notice & Action Mechanism, IP and RO _Working file",1,0
Plus Rebranding BE & M2 Exp,1,0
Update a11y spec,1,0
Wanderlust_workshop_topics&content,1,0
Brand Voice_Guidelines_May25,1,0
Project Ronny,1,0
üöÄ[FEATURE] Updating badge component,1,0
üöÄ Update tab,1,0
Streetwear explorations,1,0
üöÄ[FEATURE] Document tokens on components,1,0
Beauty Promotional Comms,1,0
TDE Storytelling explorations (Collections),1,0
StyleIt V2 I/E Review,1,0
Rachael | Design crit. folder,1,0
A/B test - Pricing explanations,1,0
Exploration: Design tokens,1,0
GP - Measurements,1,0
__Presentation 1,1,0
Plus Rebranding M1,1,0
Outfit View: Carousel vs Feed,1,0
Specs - VFR internal beta,1,0
WP 11 - Homes,1,0
Pre-owned x Designer [Figjam],1,0
Vision-beauty replenishment,1,0
2025 Sustainability CX,1,0
Home Feed - Assets & Documentation,1,0
Payments: Payment Logos ‚Äî Design Components,1,0
ZTS - Post initial launch,1,0
SC M1 ‚Äì 1. Design sprint ‚Äì Prototype,1,0
Plus Accessibility Base File,1,0
Beauty Replenishment - Baseline File,1,0
Shift Nudge - Training,1,0
Measurements Profile Design,1,0
TDE - Partner Interviews,1,0
Sponsored Collections,1,0
Trend Spotter Cyber Week,1,0
WANDERLUST_Workshop,1,0
Opportunities workshop 2023 - Experience walkthrough,1,0
Signup experience,1,0
SC M1 ‚Äì 2. Design sprint ‚Äì Prototype,1,0
Discovery: Fragrance,1,0
22.08.2021 - Storytelling Pitch - Assets,1,0
Pre-owned ZMS Landing Page,1,0
Retention & Engagement Workshop,1,0
[Zalon Archive] User Side - Watchlist: Omnibus Directive for Zalon,1,0
Brand Home - Video Stories,1,0
Plus launch Lounge email,1,0
Wanderlust - Hypotheses Conversation,1,0
Wanderlust - Hypotheses Conversation (Copy),1,0
F&FM M2 Sweden,1,0
TDE Adjacency - Partner Interviews,1,0
[ ARCHIVED ] [ UI & UX ]  ‚Äî  Working File / Phase 02 (Archive),1,0
SWISS Checkout Flow - Concept & Proposals,1,0
Sephora Loyalty Program,1,0
MDS - Storyboard (Copy),1,0
Local - Customer Proposition (Final),1,0
Zalando/Rina Sawayama,1,0
Modular PDP / study,1,0
Beauty Profile - Baseline File,1,0
Switzerland Expansion,1,0
RW x Zalando_Writing guidance_Brand hub content,1,0
Sephora CRM Co-branded Targeting - Baseline File,1,0
What Should I Wear - Design Explorations,1,0
Marketing Services | Sponsored Brand Home,1,0
Platform Journeys FS to Lounge: solution design,1,0
Sitemap X accessibility annotations,1,0
Accessibility Sprint,1,0
Tooling - Video Stories,1,0
Reco explainability,1,0
Outfits 404 Error,1,0
White-labelling TNPL,1,0
FS > Welcome email,1,0
Instalments - Design Playground,1,0
"Payments for Order Bundling ‚Äî User Testing, 02.2024",1,0
Dark Mode Exploration,1,0
BLIK NPM,1,0
Your Sizes Profile-Your Measurements Update,1,0
Sustainability Claims,1,0
Sustainability Program,1,0
CW22 Visual Exploration,1,0
Plus TDE,1,0
Visual Design Refinements (Copy),1,0
Beauty ‚Äì Skin diagnostics,1,0
CD | PDP CX Vision,1,0
Scalable CMS Design Exploration File,1,0
Wardrobe Baseline,1,0
Workshop DACH Leads - Brand Campaigns Onsite Visibility,1,0
[M2] Modular Checkout - Plus Upsell (Copy),1,0
[Archived] Brand Refresh ‚Äì KH / Zalando Cowork,1,0
Top Days 2025 ‚Äì Exploration & PA Guide,1,0
consumer test,1,0
Targeted Coupons M1 Design Review 18/11/2021,1,0
Sephora Brands at Zalando,1,0
Platform Journeys sprint prototype,1,0
Carrier Visibility,1,0
Exploration: Stepper,1,0
ZDS Unified documentation - Contentful,1,0
Plus Exclusive Offers M1,1,0
POR 3.1.0,1,0
Pricing - Insights: Sales events ‚ú® AI PLAYGROUND,1,0
Optimized Onboarding flow for Meta Shop Ads,1,0
Size&Fit Vision - Concepts wireframes,1,0
Pricing - Insights: Sales events,1,0
ZMS Landing page structure working file,1,0
Dynamic Text Technical Specifications ‚Äì Accessibility M2,1,0
Designer - Innovation,1,0
TDE - GMCC Workshop,1,0
Adaptive Research Prototype [Official],1,0
üçì Super Next Library,1,0
Order+Returns tracking_Convert Lounge,1,0
*POR Branch 28.01.25*,1,0
Exploration theming - Component level,1,0
S&F Visual Treatment Deep Dive,1,0
[OUTDATED] Adaptive Research Prototype,1,0
2022 Feb - Avatar Explorations,1,0
Exploration: Flags,1,0
Blog Covers,1,0
ZTS Content Types,1,0
Second tab explorations,1,0
Motion Briefing App Statement,1,0
Flag playground,1,0
7_Catalog,1,0
Plus at Lounge: assortment availability sprint ARCHIVED,1,0
Plus at Lounge: assortment availability sprint ARCHIVED (Copy),1,0
Motion Automation Toolkit Sprint,1,0
Pillar 3 Premise Templates,1,0
UGC user research,1,0
Content Shoppability Principles,1,0
Creator Expansion M1,1,0
CUCA: Self Help - Return Transformation - Prototype & Design,1,0
Zalando Live Design Review 18.05.2022,1,0
Zalando Loyalty Program_Sprint,1,0
[ REMARKABLE RELEASE ] Mapping Tiles & Components,1,0
Customer Lifetime Management - Plus Placements,1,0
Figma lesson two,1,0
ZMS Landing page modules,1,0
Pillar 1 - Incentive Banner,1,0
New incentives banner designs,1,0
‚èØÔ∏è  Pause Button Icon Design,1,0
2022 Feb - VFR mobile version - after user testing,1,0
DSA - Mapping the touchpoints and premisses,1,0
Streetwear '24 strategy,1,0
"[Archive] Buy Now Pay Later ‚Äî  Use Case Document New Experience, 01.2021",1,0
Links,1,0
Beauty Profile - Design review,1,0
Tiles & Components - Loyalty V1,1,0
ZMS Future of Sponsored Experiences in Fashion Store,1,0
Mono light alternative,1,0
Partner Support and Education System M1: Basic linking to ZPU articles,1,0
Your sizes 4.0 Interview prototypes,1,0
Sponsored & Branding campaigns (cloned)),1,0
[Accessibility] Spec Template - Working File,1,0
"WebSDK ‚Äî Design Playground, 2022-23",1,0
Trend spotter Playground,1,0
Ads landing Page,1,0
WORKING FILE - Statement PDP Revamp,1,0
Fit Visualisation Enhancement - Baseline file,1,0
Scale Self Service | Sponsored Collections,1,0
2021 Nov - VFR Prototype (test version),1,0
22.08.2021 - Storytelling Presentation,1,0
2022 Feb - VFR Prototype,1,0
WP 2 Release Page,1,0
CuCa Self Help: Article Missing - Prototype,1,0
27.05.2024 Loyalty Design Review Print Version,1,0
Emails - Loyalty V1,1,0
CD for Elephants,1,0
Based on your recent views,1,0
üá´üá∑ French Anti Waste Law,1,0
Followership Prototype,1,0
Brand Homes CMS: TDE (Tailored Designer Experience),1,0
HOLIDAY/CYBER 24 Product Placement,1,0
ZDS illustration,1,0
Library-test v 2.1.1,1,0
Customer Data Access,1,0
Exploring Collections - Anchors,1,0
DSA Dark Patterns: Guidelines,1,0
App Download Banner M1,1,0
Exploration: Notifications,1,0
Red Thread Toolkit,1,0
[COMPONENT/NEW] Country Code,1,0
üí°[EXPERIMENT] Test dev mode,1,0
üöÄ[FEATURE] Update Links documentation (semantic naming),1,0
The Statement: Landing Page Designs,1,0
"Checkout x Payment Decoupling ‚Äî Design Playground, [08.2022]",1,0
üöÄ [FEATURE] Update Accordion documentation - Highlight tag,1,0
üí°[EXPERIMENTAL] Update Flags documentation,1,0
[ARCHIVE] Trade-in flow redesign concept study,1,0
plugin-test,1,0
frog_Zalando_Design_System_components,1,0
Specs - VFR Campaign 04,1,0
Hyped Sales M0,1,0
Beauty Items - User Testing,1,0
Beauty colour experience - Baseline File,1,0
WIP future vision za,1,0
App Category Navigation,1,0
Reviews - Translations,1,0
Exploration: Radio Buttons,1,0
WP 10 - Feed [sunseting],1,0
WP 17 Talent Profile,1,0
Designer - Reasons for churn,1,0
Mix & Match: Brand Refresh,1,0
Beauty Merchandise Playbook - Dokumentation,1,0
WP 6 Video Player,1,0
Accessibility: Core Concepts,1,0
Sufficient Contrast & Rich Media,1,0
Visual Design Refinements,1,0
Pillar 1 x Wardrobe - Repurchase messaging,1,0
SC M1 ‚Äì Vision prototpye,1,0
Gorgeaous - Prototypes,1,0
Copy and localisation management with Figma variables - Fulfillment PD Quarterly Q1,1,0
User Mapping,1,0
Wardrobe Q4 2021 and beyond,1,0
Shopping assistant - Discovery & Explorations,1,0
Statement / Production & Engineering Guidelines,1,0
"Buy Now Pay Later ‚Äî Design Playground, 06.2022",1,0
5_Fit feedback / From your orders,1,0
Generative Backgrounds,1,0
Omnibus PL - Seller info on PDP,1,0
Recommerce service blueprint,1,0
Adaptive M1.2 | Prototype,1,0
Colour Snap: Sales Red,1,0
Focus Color Contrast (Archived),1,0
24_Spring_LandingPages_Wireframes,1,0
Brand mark sizing_Brand Refresh_Sprint,1,0
Size Advice Scenarios,1,0
2022 Sep - Design Check-in  - Virtual Fitting Room future journeys,1,0
0_Point of Reference: Browse,1,0
"Buy Now Pay Later ‚Äî Solution Document, 09.2021",1,0
DAEP Apps Brand Refresh 4,1,0
‚úÖ  Test ZDS icons,1,0
CX comparison Lounge vs FS,1,0
VAT Upgrade: B2C Invoice,1,0
Launch Stories - Sharing in Wardrobe,1,0
[ ARCHIVE ]Zalando Stories M2  ‚Äî  Specs & Toolbox,1,0
Exploration Android Navigation Bar,1,0
Figma library testing,1,0
ASO Q2 2025 Product Update Exploration (Copy),1,0
Video + Main Stage Discussion,1,0
[Archived] Pillar 1 - App - Reviews,1,0
Early Drafts - Loyalty V1,1,0
Market Steering Problem Definition,1,0
Prototype Explorations,1,0
Diversifying Campaign Discovery (Copy),1,0
WP 15 Onboarding & Splash Screen,1,0
Supporting materials,1,0
Product Information Display - Baseline File,1,0
SC M1 ‚Äì Post 2nd Sprint Ideation,1,0
Catalog header banner,1,0
Beauty user account - Design review,1,0
Project Omnibus - Price increase mode,1,0
Tweaks after refinement sessions,1,0
Zalando Shop,1,0
Trade-in flow redesign concept study,1,0
Button Redesign,1,0
Info message A/B test Q1 2024,1,0
WP 5 Entry Point Carousels,1,0
Store remodeling,1,0
ASO Q2 2025 Product Update Exploration,1,0
[Draft] PDP Sitemap,1,0
Site mapping,1,0
Design Sprint Video Stories,1,0
Grace Period: Targeting customers on alternative channels,1,0
Design Check-in - Zalando Live,1,0
CX Vision features,1,0
Plus EA - M1 & M2,1,0
Remarkable Release - 22.04.2022,1,0
S&F Runway project: Size Guide is no longer¬†a Generic Table,1,0
M4 Lounge EA,1,0
üì± User Research [CW15] -  Prototype,1,0
Design exploration,1,0
Zalando Measure: Prototype All,1,0
[Accessibility] Error Handling & Status Messages - Working File,1,0
"Presentation Examples: Accessibility (a11y, ZDS)",1,0
Ideations,1,0
Cart Redesign,1,0
üß™ Sandbox,1,0
Plus Wrapped,1,0
Product Cards - Ownership Map,1,0
PayPal Mandates - Archive,1,0
Video Stream PoC - Specs,1,0
Membership Platform Specs,1,0
Returns Transformation - Video/Animation,1,0
ZDS Library: Designer theme Tiles,1,0
Error Message Pages,1,0
Beauty user account - Baseline File,1,0
Exploration: Accordion,1,0
Value Add - DGC flows,1,0
DSA - Plus,1,0
PBA update ‚Äì Jan 2024,1,0
Marketing Services | Advertising |Guideline Assets,1,0
Design review 01: Platform Journeys FS to ZL,1,0
25 - EPP Mokcups,1,0
Directory 2026 - Discussion,1,0
Cyber week 2022,1,0
CW Playbook,1,0
WS3 Collab & Drops Workshop,1,0
P1 Playbook,1,0
Post-Purchase Accessibility Specs,1,0
20_Size&fit marketing,1,0
Fashion-Driven Browsing Experience,1,0
ZFS Partner Fee,1,0
Zalando Assistant Accessibility,1,0
Focus Outline,1,0
Gift with purchase ‚Äì Discovery,1,0
Self Help: Returns & Refunds,1,0
üñçExplorations M2,1,0
Size Filter Overhaul,1,0
UAE: Email verification,1,0
App Download Banner M2,1,0
Plus at Lounge M1: Handover,1,0
WP 12 Brand Home & Collection,1,0
"Home, PDP, Catalog Outfits",1,0
Customer Journey - Outfits Program,1,0
Self Help: Delivery Use Case,1,0
SC M1 ‚Äì Launchstory,1,0
[M1] Modular Checkout - Single Starting Point,1,0
FDBE Phase 3,1,0
Streetwear Discoverability - Prototypes,1,0
"Buy Now Pay Later (Invoice 1.0) ‚Äî NL, 03.2023",1,0
Sitemap backup,1,0
PUP 2025 (Copy),1,0
Zalando Year in Review (external),1,0
The Corner_Design sprint_1st release_2025,1,0
Write button on PDP,1,0
Gorgeous - Explorations,1,0
Designer | 6.09.2022 A&A Review,1,0
search bar in search results catalog - apps,1,0
Wardrobe (post-weave) - Outdated designs,1,0
Figma lesson one,1,0
UCT Breakdown,1,0
M2 + Redesign Harmonization,1,0
2022 Mar - VFR - decision-making,1,0
Research Prototype_CW12-13,1,0
Accessibility M1 - PRSB,1,0
SC M1 ‚Äì Video prototype,1,0
Orders - App WebViews,1,0
Flexi price,1,0
[A11y] Notifications (Timed),1,0
[WIP] CXP - Point of Reference,1,0
ZDS starter file: patterns,1,0
Plus - Lounge Loyalty Home - Explorations,1,0
[ UI & UX ]  ‚Äî  Paul <>¬†Tivoli,1,0
iFrame Testing,1,0
Plus Main Screens,1,0
Luxembourg Sales Channel,1,0
Platform Experience,1,0
[Accessibility] Header & Footer Specs,1,0
Balance Relevance and Discovery in Search,1,0
Beauty items - Showcase prototypes,1,0
Prototypes,1,0
Want-it Tile,1,0
NCR Onboarding M0,1,0
PPCCS,1,0
Luxury Beauty,1,0
Gift card B2C // Assets,1,0
[M3] Modular Checkout - Saving Pick up Points - Designs (Delivery),1,0
Early Access 1.2,1,0
WEB Return Success Screens [ARCHIVE],1,0
[China Team] Livestream,1,0
(WIP) ZDS Library: The Statement theme Tiles,1,0
(Archived 2.12) [ VIDEO ]  ‚Äî  Luke <> Tivoli,1,0
(Archived 8.12) [ VIDEO ]  ‚Äî  Luke <> Tivoli,1,0
(Archived)[ VIDEO ]  ‚Äî  Luke <> Tivoli,1,0
(Archived 3.12) [ VIDEO ]  ‚Äî  Luke <> Tivoli (Copy),1,0
Pre-owned convenience benefits,1,0
Flexible Price Display,1,0
PDP_Stakeholder_map,1,0
Trade-in explorations,1,0
SCP - DS,1,0
Tooling,1,0
Designer Brand pitch,1,0
Livestreaming CX,1,0
Creative check-ins (Backup 2024-07-08),1,0
Statement Release - Alignment Canvas (Copy),1,0
Filter flyout,1,0
Creative check-ins,1,0
2024-07-16 export Creative check-ins [Archive],1,0
CXP Content Tiles,1,0
Zalando Measure - Prototype 1,1,0
Emoji examples,1,0
Different size reco - Same article,1,0
ZMS | Homepage | Concept Advertisement,1,0
Pre-owned themed home workshops,1,0
"Pattern: Error Pages (404,500)",1,0
Returns - Repaint & Label [ARCHIVE],1,0
Gifthub Wireframes,1,0
Proposed designs,1,0
Zalando Assistant Future Vision Concepts,1,0
Recommerce key screens - mgmt update 170622,1,0
Plus Identity ‚Äî Working file explorations,1,0
Creator Space Expansion Playground,1,0
Visual for election,1,0
Artdirection Exploration,1,0
Creator & Brand exploration concepts,1,0
Brand Hub,1,0
2022 May - VFR x ZMS - Competitor Research and LoFi Flows,1,0
Design Reviews - Team 1,1,0
Sneaker Release Calendar,1,0
Instalments- Entry point brainstorming space,1,0
Missions,1,0
Label: üé®Colour Explorations & Archive,1,0
"Buy Now Pay Later ‚Äî CJM (Lua), 03.2021",1,0
Specs,1,0
Plus flags Branch by Mena,1,0
[Zalon Archive] User Side - Style Advice_MRP Sprint,1,0
Plus assets inventory,1,0
The Corner Streetwear - Presentations,1,0
Onsite Marketing,1,0
Size & Fit_Your measurements entry and exit overview,1,0
All 2024,1,0
Croatia Euro Switch M2,1,0
Reviews - Write review button on PDP,1,0
System Permissions Design Pattern,1,0
[Archived] Reviews - Tiny accordion,1,0
WP 8 Authorship,1,0
Sponsored Collections Expansion,1,0
WP 14 Stories & Live Hub pages,1,0
OLD_Zalando Co-branding Toolkit_Feb25_v01_March2025 (WIP),1,0
Zalando Co-branding Strategy Toolkit_Feb25_v01 (WIP),1,0
Pillar 1 - Haptics,1,0
DSA Launch Story,1,0
Brand Followership Pillar 3 ideation,1,0
Illustration 2.0 Workshop,1,0
Sephora Partner Integration Dior - Presentation,1,0
Cross Platform Journeys- Lounge to FS,1,0
Dynamic Page System M2,1,0
"[Archive_2_DF] Buy Now Pay Later ‚Äî Use Case Document New Experience Archive, 07.2021",1,0
Rebranding - Acquisition workshop,1,0
Beauty - Multisizes + Samples,1,0
BFC,1,0
Sephora Copy & Localisation - Baseline File,1,0
PuPs without correct receiver names,1,0
DBF,1,0
[Accessibility] Annotation Template - screen reader,1,0
External - Installments,1,0
Landing page for data acquisition,1,0
SC M1 ‚Äì 2. Design Sprint ‚Äì Board,1,0
"Buy Now Pay Later ‚Äî Prototype DE|BE|CH, 09.2021",1,0
Media Controls,1,0
Specs - VFR x ZMS Campaign 03,1,0
Product Strategy update visuals,1,0
Avatar Design + Personalisation - Prototype User Test 2,1,0
Workshop with Pillar 2,1,0
ZMS landing page unmoderated test,1,0
Customer connect Storyboard (Copy),1,0
Launch stories - Style Profile,1,0
[Archive] Buy Now Pay Later ‚Äî Use Case Document New Experience (Copy),1,0
Top Level Navigation | Launch story,1,0
Home Feed -> BRified,1,0
Outfit cards ZDS starter file,1,0
Activity Based Browsing - Copy,1,0
"Buy Now Pay Later ‚Äî   Use Case Document New Experience (Copy), 05.2021",1,0
Standard Delivery Pre-selection,1,0
Beauty Advice - Baseline File,1,0
DPS for RefStore: [Design sprint] PDP,1,0
Workshop with Pillar 3,1,0
Prototypes for Research CW 27 & 28,1,0
Error Messages,1,0
PDP | CLM notify me update,1,0
Icon language_Use cases,1,0
üí° Unified ZDS asset library,1,0
Collab & Drops (WS3),1,0
Lounge nudge handover,1,0
Zalando BNPL x TWINT [External],1,0
ZMS Guidelines,1,0
Content Transformation Track 2 - Content Framework,1,0
CPC - New approach,1,0
Documentation Playground 2023,1,0
Early Access data map,1,0
Creator Space Label (App),1,0
2023 Jan - Brainstorming for VFR x ZMS Pilot 3 - part 2,1,0
Content Tooling Mapping Information,1,0
Components Playground,1,0
Sephora - Launch story,1,0
Minimum Order Value (MOV) in Checkout,1,0
[ARCHIVE]¬†Workfile -  CR App -  Open Orders,1,0
Pre & Post Purchase Brainstorming,1,0
Mockups,1,0
Pillar 4 Touchpoints,1,0
Early Access M2 - Experience Overview,1,0
--Figma library testing,1,0
Beauty Samples Design Review 07052021,1,0
Customizable Jersey,1,0
TDE - Style Guide,1,0
Beauty Advice | Launch story,1,0
Assets,1,0
Brand Refresh 2025 Lounge - Product,1,0
CBM/Newsletter,1,0
üñç Explorations,1,0
Plus flag - Carousel,1,0
Creator Sponsored Outfits - All flows,1,0
WP 7 Headers & Banners,1,0
Cart product cards (web),1,0
Diversifying Campaign Discovery,1,0
SSO Apps M2,1,0
Seasonal color palette,1,0
00 [WIP] Reviews Specs,1,0
Video component,1,0
EXPLORATION Library Redesign,1,0
WiP,1,0
Lounge Branding - Colour application Design Sprint,1,0
[ARCHIVE] Plus Upsell in apps Checkout,1,0
Systemisation_Brand Refresh_Sprint_Oct2024,1,0
Product Development Branding,1,0
üë† Library / CXP Tiles [Showstopper],1,0
Size Exchange Project,1,0
BM Visual Assets for Communication (Copy),1,0
PDP Sitemap,1,0
Inspire Squad : Quick wins Specs 2023,1,0
[ Archive ] [ UI & UX ]  ‚Äî  Tivoli Documentation & Prototypes (Restored verrsion),1,0
(Archive 15.12)[ VIDEO ]  ‚Äî  Luke <> Tivoli,1,0
[ Tivoli VIDEO ]  Final Story,1,0
ZMS - Ad Unit - WIP,1,0
[ UI & UX ]  - Tivoli Latest Designs,1,0
(Archived 13.12) [ VIDEO ]  ‚Äî  Luke <> Tivoli,1,0
[Zalon Archive] User Side - Personal Shopping_Solution Design Feedback,1,0
Autobahn Proposal | Catalog Grid Size (Copy),1,0
Omnibus Pricing Compliance in Cart & Checkout,1,0
Style Profile (Brand & Size),1,0
(Archive) [ Tivoli VIDEO ]  CW2-CW4 2022,1,0
"How to: ZDS icons, pictograms & logos (Copy)",1,0
The Statement - PDP revamp - Brainstorming,1,0
[ ARCHIVE ] [ UI & UX ]  ‚Äî  Tivoli Documentation & Prototypes (Copy),1,0
[ UI & UX ]  ‚Äî  Tivoli Documentation & Prototypes [ARCHIVE],1,0
"How to: ZDS icons, pictograms & logos",1,0
Creator Space Label (App) - Component Breakdown,1,0
(Archive 17.12) [ VIDEO ]  ‚Äî  Luke <> Tivoli,1,0
Customer Journey Map (+Expo),1,0
Exploration: Logos,1,0
SC Icons workshop,1,0
PDP Experiments,1,0
Templare Re do (2),1,0
Corporate Comms_Design_Toolkit Development,1,0
Saiges additions,1,0
CuCa: Self Help: Missing Items or Parcel - Web & Mobile,1,0
Test,1,0
Beauty_MicroSite_Feedback,1,0
UAE: SSO (Sign-in & Registration),1,0
Nike Membership & Plus Early Access Flow / Nike touchpoints on Zalando,1,0
Presentation Purposes,1,0
[Archived] UAE: SSO (Sign-in & Registration),1,0
Visiontype 2022,1,0
Deep dive: ZDS Theming - Demo,1,0
Brand Hub final delivery,1,0
Trade-in Kids - Wayfinding,1,0
DesignSprints_Programmatic&DisplayAds_24,1,0
Holiday Campaign 2022,1,0
Figma Level-up training,1,0
Easy QA,1,0
SPA Campaigns | Global budget,1,0
PBA graphic,1,0
Exploration: Caorusel,1,0
ZMS | Homepage Takeover | Concept Design Review Phase 1 | 01.02.2023,1,0
"WebSDK ‚Äî Design Playground, 2021",1,0
SSO M1.3,1,0
Simplified Delivery Slip,1,0
Early Access Storytelling,1,0
"Design Check-in, May 22",1,0
0_Point of Reference: Activate,1,0
Accessibility project User Account - Ref Store,1,0
"Buy Now Pay Later ‚Äî Customer Journey Map, 02.2022",1,0
Local - Flow One Playground,1,0
ASO Sales Intro Exploration,1,0
PDP + Product Card: UX Audit,1,0
üöÄBrand refresh - Grid & Shapes,1,0
ZMS | HPTO | User Research | Note-taking & Debrief,1,0
"Buy Now Pay Later ‚Äî CH, 11.2022",1,0
Explorations,1,0
Mockup New In,1,0
Product Integrations,1,0
Collections Experience - Status quo 2021,1,0
Beauty Subscription Hub - Mockup,1,0
Surface Brands from FS Follows,1,0
Cyber week 2021,1,0
Accessibility Emails,1,0
Newsletter Mockup - Classic,1,0
Snapchat Colour Palette,1,0
Upsort Upcoming Campaigns once Live,1,0
WP 1 Shorts,1,0
SEPHORA Onsite Mockup - March,1,0
Gift card partners guidelines,1,0
Post-registration Landing experience - M2,1,0
Exploration: Links,1,0
Designer22_LandingPage_Wireframes_Flight_1,1,0
Onboarding deck material,1,0
Sales email templates,1,0
UAE: User Account UX,1,0
Video Stream AI Prototype Explorations,1,0
Early access journey for hyped collections,1,0
üöÄ[FEATURE] Refactor themes + Dark mode,1,0
Plus Library,1,0
Icon plug in test,1,0
ZDS Library: Components (BR2+3),1,0
[FEATURE] Update bkg-tertiary token,1,0
ZDS Library: Components (ZDS Only),1,0
Brand Home Redesign,1,0
Sustainability - sitemap updates,1,0
CPC Tile,1,0
Ongoing Activities: Plus Newsletter / Giveaways,1,0
Accessibility checklist,1,0
VC Label,1,0
Re:loop solution design whiteboard,1,0
Xmas delivery promise 2023,1,0
Valentines Day delivery promise 2024,1,0
[Zalon Archive] User Side - Personal Shopping on Plus - MVP Brainstorming,1,0
Priority Re-stock,1,0
üêõ[BUG/FIX] Modes reconnect variables,1,0
üöÄ [FEATURE] Dark mode,1,0
Icon Button - Video Control Overlay,1,0
FIT & SHAPE COMMUNICATION (Copy),1,0
ATO_Password_Strength_and_Step-Auth_Code_Challenge,1,0
Notifications alerts and banners ‚Äì¬†Color usage,1,0
Error App,1,0
Sports Ratings & Reviews,1,0
WS - Intro to ZP theme,1,0
M1 MC Explorations - Payment entry point,1,0
Leo x Recommerce onboarding,1,0
Version Gate Design,1,0
Brand Home Tooling - RCCT,1,0
Local - Customer Proposition (Phase 01),1,0
Category vs Search,1,0
Beauty Profile - Design critique,1,0
Recommerce as a Service,1,0
CBM/Newsletter (Copy),1,0
M1.2 Redemption - Modular Checkout,1,0
Zalando Co-branded Activations & Events_Toolkit_June25_v01,1,0
Beauty Advice - Workshop,1,0
PDP Zoom Gallery concept,1,0
Subscription Management for Beauty,1,0
Video first PDP,1,0
Early Access M1: Guiding principles,1,0
Retrieved from sitemap,1,0
Wardrobe and homepage WIP,1,0
Co-branded campaign_Toolkits_April2025,1,0
Audit - Pagination,1,0
SC M1 ‚Äì FAQ content work,1,0
Prototype,1,0
[Prototype] Write review on PDP,1,0
Sitemap updates,1,0
Beauty Samples Prototype - UX Carousel,1,0
Credit & Gift Cards Explorations,1,0
Lounge by Zalando ‚Äì Brand refresh presentations,1,0
Pillar 2 | Team,1,0
Complete the look tile,1,0
Directory Prototype,1,0
Profile Workshop - Creator and Brand Profiles,1,0
Branding campaign / CB flows,1,0
Zalando_BrandHub_Presentation_v1_April25_INT,1,0
CUCA - Accessibility M1 Web - Digital Purchase Journey,1,0
Tailor Concepts Q1 2024,1,0
Fair Usage Policy,1,0
"WP 9 Media, Nudgets & Coms",1,0
"iDEAL 2.0 ‚Äî User Testing, 07.2024",1,0
Vision - Articles Experience Vision - PP/CR Focus - Initial delivery,1,0
üêõ [BUG/FIX] Migrate PDP,1,0
SPACU wireframes,1,0
Push for native app download,1,0
User Test Prototype - Unified Documentation,1,0
DSA Design Sprint,1,0
üé† Carousels | Dynamic Text,1,0
Delivery Communication in the Catalog,1,0
ZMS | Homepage Ad Formats - 25/05,1,0
Deep Dive | Product card,1,0
"Buy Now Pay Later ‚Äî  All Cases, 01.2022",1,0
Articles Experience Vision - Unified Ingestion - Target 2025 (Copy),1,0
Plus Rebranding M2,1,0
Brand name changes in app,1,0
[Zalon Archive] User Side - Design Critique Templates,1,0
WP X Stories Entry points,1,0
Reviews + NPS emails,1,0
Design principles: do's and dont's,1,0
ZDS Portal Branding,1,0
CW41 - Personal collections - Evaluation proto App,1,0
Pizza Box Short Term Vision,1,0
[UX Carousel CW11/12] Debrief board - Project Next,1,0
Omnibus Compliance - CFA,1,0
[Accessibility Annotations] Product Cards & Wishlist,1,0
Size&Fit Vision - LightHouse,1,0
Zalando Lounge Interim Lockup,1,0
CR Customer Journey,1,0
Care & Repair_Pilot_Redesign,1,0
üíé TDS: Component + Template Library,1,0
Project Starter,1,0
02_OnePortal M2 IA - Sitemaps,1,0
CRM Library 0.3,1,0
Partner Insights Assistant (formerly zDirect Coach),1,0
Homepage redesign,1,0
Personalized Ranking,1,0
Early Access M2:‚Ä® Entry points to Plus,1,0
The Corner_Design sprint_2nd release_2026,1,0
[Zalon Archive] User Side - Mockups - Style Advice Chat,1,0
Q3 DPA,1,0
[Zalon Archive] User Side - Demand Team: Contextual advice,1,0
Marketing Services | Homepage üêò | Awareness Teaser,1,0
[ CO-CREATION ]  ‚Äî  Workshop / Group B,1,0
Top Picks for You: M1 Explorations,1,0
Marketing Services | Homepage üêò | Takeover,1,0
[ CO-CREATION ]  ‚Äî  Notes / Group B,1,0
Payment Experience Workshop,1,0
Size&Fit Vision - Sacrificial concepts,1,0
‚úç Annotation playpen,1,0
Brand Home Tooling,1,0
"Platform Journeys FS to Lounge: spec, flow and prototype",1,0
üñç Explorations M1,1,0
Google UGC reporting,1,0
Gift with purchase - Prototypes,1,0
Wardrobe Outfits Tile,1,0
New Default - Braindump,1,0
Exploration: Layout components,1,0
Accessibility project UAE  - Ref store,1,0
Recommerce | Ways of Working,1,0
Vision Workshop Outcome v 2.0,1,0
Self Help: Mobile Archived (Restored),1,0
EXPLORATION LUX Library 2.0.0,1,0
Coworking session: Confirmation page,1,0
Meta DPA,1,0
Reco banner,1,0
[Archive 01.2025] LUX Library 2.52.0 [Unified Library] (Copy),1,0
gerrit-subline,1,0
PaymentSDK - Draft,1,0
üí° [EXPERIMENTAL] Update Plus assets - test,1,0
Sketch sessions,1,0
Zalando Measure - Prototype 2,1,0
Exploration: Icons,1,0
"Module-powered CX, Main",1,0
Cyber Week Playbook,1,0
App splash screen,1,0
Top Picks for You: Explorations v1 & Prototypes,1,0
Group S3,1,0
Exploration: Tooltips,1,0
Project retrospectives archive (before FigJam),1,0
Zalando Measure: Measurement Screen,1,0
[DEPRECATED] Sell Emails,1,0
Marketing Service | Homepage üêò | Collection Teaser,1,0
Designer22_LandingPage_Wireframes_Flight_2,1,0
"[Accessibility] Digital Purchase Journey - Header, Top nav, Footer",1,0
Body Measurement CX Update - Runway Project,1,0
"PayPal Billing Agreement ‚Äî Design Review, 09.2022",1,0
Para Madi,1,0
"Swish ‚Äî Design Playground, 08.2022",1,0
Defect Workshop Spring 2022,1,0
"Exploration: Light, Dark, Mono mode",1,0
Workshop - Product Strategy Consolidation (Copy),1,0
Apology Discount CW,1,0
Insights Summary,1,0
Workshop - Product Strategy Consolidation,1,0
Design Sprint / Catalog,1,0
Redezign customer journey,1,0
InclusiveFootwear_LandingPage,1,0
Design Review Template  [Drag & Drop it to your space],1,0
Zalando_Brand Microsite,1,0
Newsletter,1,0
Leads Workshop - Product Strategy Consolidation,1,0
Buttons review,1,0
DEMO - Figma Dev Mode,1,0
Shareable Gift Cards / Ongoing project (archive),1,0
ZDS asset sources,1,0
"Buy Now Pay Later ‚Äî SEPA Direct Debit DE, 11.2021",1,0
[Zalon Archive] User Side - Zalon Sunset,1,0
Page Loading,1,0
Updates & Edits: Lists,1,0
Zalando Courier,1,0
Home pickup return flow Migration Q2 2023,1,0
Follow button documentation,1,0
Promo Video Creator Expansion,1,0
redeZIGN + EON,1,0
Nudge/Cabinet/Refill - Prototypes,1,0
Beta - Fashion Store Sitemap App (Copy),1,0
SC M1 ‚Äì Claims Architecture workshop,1,0
M0 Targeted Coupons Design Review 090321,1,0
Reviews - Vision storyboard,1,0
Category and Theme Entry Points on Home,1,0
Improved Delivery CX,1,0
WP 4 Entry-point Card & Product Card,1,0
Plus Monthly Highlights Newsletter,1,0
Luxury Beauty - Baseline File,1,0
Newsletter & Online Mockups - SEPHORA,1,0
Zircle decommissioning,1,0
Confident Decision Making Concept testing,1,0
Multimedia Outfit View - Milestone 1,1,0
üêõ[BUG/FIX] Input message - Icon padding,1,0
[ARCHIVED] 2024,1,0
Annual Press Conference (APC) (Copy),1,0
ZDS Email: Basics,1,0
Expansion NL_Solution Design,1,0
üí°[EXPERIMENTAL] Icon text pairing,1,0
Inspiration module,1,0
Image display - A/B testing,1,0
Manual MCF Article Data Validation UI,1,0
üöÄ Add header,1,0
Nudges: Design Guidelines and Principles,1,0
Stark Demo - 12.02.2025,1,0
Illustration kit,1,0
DX Launch Stories,1,0
zAnnotation - Figma Plugin,1,0
Reviews Template Update WIP,1,0
WP 16 Selectors,1,0
üöÄ[FEATURE] Add Radio buttons (Checkout),1,0
Beauty Profile,1,0
TDE Launch Story,1,0
TPX Component Library,1,0
NCR Registration Nov2020,1,0
Annual Press Conference (APC),1,0
Feature Update Screen,1,0
Plus Presentation templates,1,0
